City_ID,City,Lat,Lng,Max Temp,Humidity,Cloudiness,Wind Speed,Country,Date
0,sinabang,2.4803,96.3801,300.37,80,99,1.55,ID,1682680623
1,tazovsky,67.4667,78.7,266.89,91,82,7.62,RU,1682680623
2,fale old settlement,-9.3852,-171.2468,302.07,75,68,9.18,TK,1682680624
3,port-aux-francais,-49.35,70.2167,279.32,70,20,10.15,TF,1682680624
4,el nido,11.1858,119.3956,301.63,76,16,4.77,PH,1682680624
5,thinadhoo,0.5333,72.9333,301.98,71,98,3.91,MV,1682680624
6,trail,49.0998,-117.7022,279.8,92,60,1.57,CA,1682680625
7,blackmans bay,-43.0167,147.3167,282.89,67,80,3.1,AU,1682680626
8,argo,37.6333,22.7333,291.92,34,4,2.99,GR,1682680626
9,whitehorse,60.7161,-135.0538,274.58,64,40,4.12,CA,1682680626
10,georgetown,5.4112,100.3354,304.11,70,20,3.09,MY,1682680419
11,mwinilunga,-11.7358,24.4293,298.21,37,63,4.22,ZM,1682680627
12,carbonear,47.7332,-53.2148,276.01,83,100,6.42,CA,1682680627
13,howrah,22.5892,88.3103,307.15,52,75,2.06,IN,1682680628
14,mega,4.05,38.3,293.59,67,100,4.31,ET,1682680628
15,waitangi,-43.9535,-176.5597,285.27,90,54,6.56,NZ,1682680628
16,chernyshevsk,52.5243,117.0174,279.23,47,75,4.71,RU,1682680629
17,tupaciguara,-18.5922,-48.705,293.19,82,9,0.46,BR,1682680629
18,al burayqah,30.4062,19.5739,292.56,53,17,6.4,LY,1682680629
19,ponta delgada,37.7333,-25.6667,291.55,82,20,8.75,PT,1682680629
20,west island,-12.1568,96.8225,300.14,94,40,4.12,CC,1682680630
21,grytviken,-54.2811,-36.5092,273.85,69,85,0.68,GS,1682680630
22,helena valley west central,46.6629,-112.0604,275.3,79,0,2.06,US,1682680590
23,la passe,45.5549,-0.8967,297.28,75,99,2.11,FR,1682680630
24,arraial do cabo,-22.9661,-42.0278,295.07,94,100,3.6,BR,1682680630
25,bel ombre,-4.6167,55.4167,303.06,74,40,5.14,SC,1682680631
26,selfoss,63.9331,-20.9971,275.95,65,99,3.37,IS,1682680631
27,avarua,-21.2078,-159.775,295.18,78,89,1.54,CK,1682680631
28,bethel,41.3712,-73.414,281.08,88,100,3.6,US,1682680632
29,flying fish cove,-10.4217,105.6791,300.35,81,98,10.44,CX,1682680632
30,college,64.8569,-147.8028,272.92,74,75,2.06,US,1682680632
31,soio,-6.1349,12.3689,300.87,80,100,2.49,AO,1682680633
32,cidreira,-30.1811,-50.2056,290.28,82,97,2.9,BR,1682680633
33,ghadamis,30.1337,9.5007,306.67,11,0,1.82,LY,1682680633
34,kangding,30.0513,101.9603,279.08,98,100,2.93,CN,1682680634
35,adamstown,-25.066,-130.1015,296.76,69,53,3.51,PN,1682680634
36,fonte boa,-2.4959,-66.2662,296.13,98,64,0.66,BR,1682680634
37,sao jose da coroa grande,-8.8978,-35.1478,300.41,77,66,1.66,BR,1682680635
38,urangan,-25.3,152.9,294.37,83,74,5.83,AU,1682680635
39,baijiantan,45.6333,85.1833,299.25,12,44,3.89,CN,1682680635
40,isafjordur,66.0755,-23.124,273.17,55,40,7.2,IS,1682680635
41,embarcacion,-23.209,-64.096,291.05,93,0,0.39,AR,1682680635
42,arno,60.1167,18.6333,275.81,82,88,4.13,SE,1682680636
43,thompson,55.7435,-97.8558,267.24,93,75,1.54,CA,1682680636
44,ulaangom,49.9811,92.0667,283.92,27,100,2.54,MN,1682680636
45,codrington,-38.2667,141.9667,282.67,80,40,3.56,AU,1682680637
46,puerto ayora,-0.7393,-90.3518,297.34,98,80,0.45,EC,1682680637
47,mount gambier,-37.8333,140.7667,283.16,83,97,2.17,AU,1682680637
48,sandnessjoen,66.0217,12.6316,279.44,62,40,4.63,NO,1682680637
49,tiksi,71.6872,128.8694,267.55,92,100,0.59,RU,1682680638
50,dudinka,69.4058,86.1778,266.83,93,30,3.92,RU,1682680638
51,punta arenas,-53.15,-70.9167,278.21,93,100,4.12,CL,1682680595
52,fort-shevchenko,44.5086,50.263,294.42,52,1,6.82,KZ,1682680639
53,bilibino,68.0546,166.4372,257.25,88,19,2.84,RU,1682680639
54,huazhou,21.6333,110.5833,298.2,83,29,5.27,CN,1682680639
55,carnarvon,-24.8667,113.6333,298.09,47,54,8.29,AU,1682680639
56,albany,42.6001,-73.9662,279.96,93,82,0.81,US,1682680473
57,vilyuchinsk,52.9306,158.4028,275.3,82,100,3.98,RU,1682680640
58,lebu,-37.6167,-73.65,287.42,86,100,12.63,CL,1682680640
59,khandyga,62.6667,135.6,270.69,100,100,0.87,RU,1682680640
60,nemuro,43.3236,145.575,277.0,77,71,3.31,JP,1682680641
61,la pineda,41.0762,1.1852,298.31,49,0,2.57,ES,1682680641
62,dhromolaxia,34.8755,33.5868,295.96,59,40,12.35,CY,1682680641
63,ilulissat,69.2167,-51.1,271.16,69,20,2.06,GL,1682680641
64,tabou,4.423,-7.3528,301.92,74,88,2.36,CI,1682680642
65,brokopondo,4.75,-55.1667,297.86,87,59,2.08,SR,1682680642
66,atafu village,-8.5421,-172.5159,302.33,73,77,9.29,TK,1682680569
67,port douglas,-16.4833,145.4667,297.32,81,46,4.43,AU,1682680642
68,iqaluit,63.7506,-68.5145,271.0,92,75,5.14,CA,1682680642
69,tual,-5.6667,132.75,301.51,77,99,7.11,ID,1682680643
70,toliara,-23.35,43.6667,302.76,47,0,4.3,MG,1682680643
71,envira,-7.3,-70.2167,294.55,99,96,0.45,BR,1682680643
72,jamestown,42.097,-79.2353,285.92,85,75,4.63,US,1682680451
73,edinburgh of the seven seas,-37.0676,-12.3116,290.44,79,98,5.43,SH,1682680643
74,george town,5.4112,100.3354,304.11,70,20,3.09,MY,1682680419
75,petropavlovsk-kamchatsky,53.0452,158.6483,274.48,55,75,5.0,RU,1682680644
76,wailua homesteads,22.0669,-159.378,294.59,86,100,5.66,US,1682680644
77,aasiaat,68.7098,-52.8699,264.89,99,96,3.29,GL,1682680645
78,longyearbyen,78.2186,15.6401,272.06,93,75,4.63,SJ,1682680645
79,port alfred,-33.5906,26.891,296.58,77,69,1.79,ZA,1682680645
80,labrador city,52.9463,-66.9114,276.27,99,100,0.38,CA,1682680512
81,kailua-kona,19.6406,-155.9956,295.5,95,7,1.79,US,1682680646
82,taksimo,56.3444,114.8794,278.17,44,84,1.55,RU,1682680646
83,papatowai,-46.5619,169.4708,282.94,94,32,1.83,NZ,1682680646
84,veinticinco de mayo,-35.4323,-60.1727,288.14,88,6,0.89,AR,1682680643
85,umba,66.6871,34.3429,276.18,72,32,5.95,RU,1682680647
86,hithadhoo,-0.6,73.0833,302.03,73,100,4.14,MV,1682680647
87,suva,-18.1416,178.4415,295.86,100,20,0.0,FJ,1682680647
88,fortaleza,-3.7227,-38.5247,300.22,83,0,2.06,BR,1682680647
89,olonkinbyen,70.9221,-8.7187,269.34,92,100,12.96,SJ,1682680647
90,al mawsil al jadidah,36.3346,43.0978,304.79,13,100,5.64,IQ,1682680648
91,port elizabeth,-33.918,25.5701,297.09,74,33,1.79,ZA,1682680437
92,hamilton,39.1834,-84.5333,286.56,96,100,1.54,US,1682680462
93,huarmey,-10.0681,-78.1522,296.91,86,91,3.26,PE,1682680649
94,katsuura,35.1333,140.3,290.81,75,100,7.15,JP,1682680649
95,lethem,3.3803,-59.7968,297.62,87,69,3.27,GY,1682680649
96,anadyr,64.75,177.4833,265.43,79,40,1.0,RU,1682680650
97,margaret river,-33.95,115.0667,287.88,65,75,3.62,AU,1682680651
98,koumra,8.9126,17.5539,312.06,22,100,1.36,TD,1682680651
99,kapa'a,22.0752,-159.319,295.33,85,100,5.66,US,1682680652
100,tumayr,25.7039,45.868,306.96,16,1,5.64,SA,1682680652
101,wynyard,-41.0,145.7167,282.58,76,52,2.16,AU,1682680652
102,invercargill,-46.4,168.35,281.16,95,22,1.62,NZ,1682680652
103,kruisfontein,-34.0033,24.7314,295.86,60,47,5.14,ZA,1682680653
104,nova olimpia,-14.7972,-57.2881,295.68,93,1,0.27,BR,1682680653
105,luderitz,-26.6481,15.1594,295.97,53,6,9.57,NA,1682680653
106,tlapa de comonfort,17.55,-98.55,292.74,48,16,2.19,MX,1682680427
107,altamira,-3.2033,-52.2064,298.2,100,75,1.03,BR,1682680623
108,hola,51.5377,23.1902,284.25,37,36,2.38,PL,1682680654
109,lorengau,-2.0226,147.2712,300.68,78,93,1.16,PG,1682680654
110,pisco,-13.7,-76.2167,292.6,88,21,1.03,PE,1682680480
111,burao,9.5221,45.5336,295.69,73,99,8.03,SO,1682680654
112,bandundu,-3.3167,17.3667,304.06,61,94,0.83,CD,1682680655
113,cabo san lucas,22.8909,-109.9124,292.38,74,32,6.04,MX,1682680655
114,mahina,-17.5065,-149.489,298.02,88,20,1.03,PF,1682680655
115,jumla,29.2747,82.1838,287.28,63,89,2.77,NP,1682680505
116,talnakh,69.4865,88.3972,266.6,88,52,1.39,RU,1682680655
117,dawesville,30.9224,-84.0091,292.79,97,100,0.0,US,1682680656
118,bissora,12.2231,-15.4475,306.19,19,30,1.69,GW,1682680656
119,bredasdorp,-34.5322,20.0403,293.79,44,6,6.16,ZA,1682680656
120,strezhevoy,60.7333,77.5889,274.12,69,78,10.87,RU,1682680657
121,udachny,66.4167,112.4,274.51,80,100,4.61,RU,1682680657
122,mili,6.0815,171.735,301.21,80,96,7.61,MH,1682680657
123,revda,56.801,59.9303,279.15,72,100,2.7,RU,1682680657
124,east london,-33.0153,27.9116,297.67,64,0,6.69,ZA,1682680658
125,howard springs,-12.497,131.047,300.83,87,34,1.22,AU,1682680658
126,newnham,-41.3833,147.1333,282.1,72,98,4.63,AU,1682680658
127,okhotsk,59.3833,143.3,271.88,97,67,0.52,RU,1682680658
128,sparta,43.9441,-90.8129,283.89,65,0,0.0,US,1682680658
129,kununurra,-15.7667,128.7333,299.14,78,81,0.0,AU,1682680659
130,yellowknife,62.456,-114.3525,271.24,100,74,1.34,CA,1682680110
131,deqen,29.9618,90.7188,283.92,20,77,2.87,CN,1682680659
132,hawaiian paradise park,19.5933,-154.9731,293.88,94,0,1.54,US,1682680659
133,birjand,32.8663,59.2211,301.41,9,75,5.14,IR,1682680505
134,verkhovazh'ye,60.7472,42.0465,281.65,67,92,4.54,RU,1682680660
135,bahawalnagar,30.5508,73.3908,308.35,17,99,4.25,PK,1682680660
136,rio grande,-32.035,-52.0986,289.21,87,55,1.88,BR,1682680660
137,kingston,17.997,-76.7936,299.68,80,20,3.6,JM,1682680660
138,prado,-17.3411,-39.2208,298.43,79,0,2.91,BR,1682680661
139,nuuk,64.1835,-51.7216,272.49,100,20,1.03,GL,1682680661
140,yarmouth,41.7057,-70.2286,281.46,96,100,3.09,US,1682680661
141,tolanaro,-25.0319,46.9987,297.96,68,67,5.9,MG,1682680662
142,afaahiti,-17.75,-149.2833,297.08,81,85,4.78,PF,1682680662
143,vorgashor,67.5833,63.95,267.19,87,100,6.78,RU,1682680662
144,abepura,-2.6333,140.5833,300.6,78,20,1.03,ID,1682680663
145,makurdi,7.7411,8.5121,307.14,42,98,1.77,NG,1682680663
146,changchun,43.88,125.3228,281.26,89,99,2.84,CN,1682680483
147,eynesil,41.0645,39.1438,286.08,97,94,3.8,TR,1682680663
148,richfield,44.8833,-93.283,282.82,92,100,4.02,US,1682680664
149,stanley,54.868,-1.6985,282.75,90,75,2.06,GB,1682680664
150,sisimiut,66.9395,-53.6735,271.11,73,24,2.74,GL,1682680664
151,wenling,28.3669,121.36,291.04,90,79,2.62,CN,1682680664
152,kourou,5.1552,-52.6478,297.18,87,96,3.41,GF,1682680665
153,brush,40.2589,-103.6238,277.95,93,0,5.14,US,1682680665
154,alekseyevka,50.6309,38.6903,293.03,58,100,3.28,RU,1682680665
155,simplicio mendes,-7.8539,-41.9103,299.1,71,85,1.56,BR,1682680666
156,murray bridge,-35.1167,139.2667,285.44,68,92,3.71,AU,1682680666
157,piacabucu,-10.4056,-36.4344,300.45,79,24,2.82,BR,1682680666
158,chepo,9.1667,-79.1,298.85,90,94,1.5,PA,1682680666
159,saipan,15.1355,145.701,300.54,83,40,8.23,MP,1682680666
160,vilyuysk,63.7553,121.6247,274.3,94,61,2.74,RU,1682680667
161,muisne,0.6,-80.0333,298.11,88,100,1.33,EC,1682680667
162,salalah,17.0151,54.0924,305.2,66,40,7.2,OM,1682680667
163,puerto baquerizo moreno,-0.9,-89.6,299.03,82,68,4.13,EC,1682680667
164,palmas,-10.2128,-48.3603,299.08,83,0,1.03,BR,1682680448
165,marsabit,2.3284,37.9899,297.69,57,88,5.45,KE,1682680668
166,usinsk,65.9939,57.5281,270.96,72,100,6.25,RU,1682680668
167,palmer,42.1584,-72.3287,279.79,84,100,2.06,US,1682680668
168,okola,4.0167,11.3833,300.11,62,100,0.67,CM,1682680668
169,galveston,29.3669,-94.9669,293.13,91,0,4.63,US,1682680668
170,mejit,10.2753,170.8646,300.19,84,60,8.11,MH,1682680669
171,sao pedro do piaui,-5.9294,-42.7186,296.43,87,93,0.27,BR,1682680669
172,constantia,44.1833,28.65,287.53,47,100,9.21,RO,1682680669
173,alliance,40.9153,-81.1059,286.1,94,100,5.33,US,1682680669
174,manaure,11.7751,-72.4445,300.39,74,53,3.15,CO,1682680669
175,ebon,4.582,168.6964,301.75,76,92,6.21,MH,1682680669
176,kodiak,57.79,-152.4072,274.88,69,20,1.54,US,1682680669
177,yichang,30.7144,111.2847,289.96,73,100,2.89,CN,1682680670
178,salekhard,66.53,66.6019,270.33,78,100,3.23,RU,1682680670
179,queenstown,-31.8976,26.8753,300.75,11,2,9.73,ZA,1682680670
180,carangola,-20.7331,-42.0294,294.24,91,6,0.47,BR,1682680670
181,puerto natales,-51.7236,-72.4875,276.68,98,100,1.15,CL,1682680670
182,mandan,46.8267,-100.8896,277.24,89,100,3.6,US,1682680670
183,guilin,25.2819,110.2864,294.21,97,95,1.65,CN,1682680670
184,hadibu,12.65,54.0333,303.23,65,97,0.47,YE,1682680671
185,svetlograd,45.3353,42.8547,296.76,49,74,3.18,RU,1682680671
186,bakchar,57.0186,82.0711,295.08,36,70,5.68,RU,1682680671
187,strathalbyn,-35.2667,138.9,287.1,94,86,2.93,AU,1682680671
188,coyah,9.75,-13.4167,303.95,45,100,2.28,GN,1682680671
189,kaa-khem,51.6833,94.7333,282.76,52,99,0.91,RU,1682680671
190,cidade velha,14.9167,-23.6167,300.41,54,20,6.17,CV,1682680672
191,papao,-17.75,-149.55,297.97,75,86,3.36,PF,1682680672
192,melekeok village,7.4957,134.6367,301.51,78,98,1.94,PW,1682680672
193,maintirano,-18.0667,44.0167,302.23,60,4,4.97,MG,1682680672
194,basudebpur,21.1353,86.7386,305.07,59,56,5.73,IN,1682680672
195,saint-pierre,-21.3393,55.4781,300.97,61,0,7.2,RE,1682680672
196,yemva,62.59,50.8594,277.55,54,4,3.24,RU,1682680672
197,ribeira grande,38.5167,-28.7,290.8,72,20,9.77,PT,1682680673
198,handan,36.6006,114.4678,290.85,23,100,11.68,CN,1682680673
199,la palma,33.8464,-118.0467,289.16,88,100,2.06,US,1682680673
200,douglas,41.3,-96.167,285.76,87,100,3.6,US,1682680597
201,mar del plata,-38.0023,-57.5575,288.2,98,100,4.63,AR,1682680673
202,tsiombe,-25.3,45.4833,300.69,53,39,7.64,MG,1682680673
203,harstad,68.799,16.5293,277.68,99,100,1.34,NO,1682680673
204,chardara,41.2547,67.9692,301.81,21,0,2.06,KZ,1682680674
205,neya,58.2972,43.8681,288.28,63,89,2.68,RU,1682680674
206,abu zabad,12.35,29.25,309.99,12,97,3.3,SD,1682680674
207,midvagur,62.0511,-7.1939,276.61,56,100,5.66,FO,1682680674
208,lubao,14.9167,120.55,304.99,60,5,2.14,PH,1682680674
209,ati,13.2154,18.3353,313.85,8,57,3.69,TD,1682680674
210,mana,5.6592,-53.7767,298.87,87,71,3.56,GF,1682680674
211,yermolayevo,52.7167,55.8,294.48,35,57,3.63,RU,1682680675
212,porto novo,6.4965,2.6036,304.05,63,92,5.07,BJ,1682680675
213,al jawf,29.5,38.75,302.64,10,0,4.54,SA,1682680675
214,hualien city,23.9769,121.6044,298.24,91,58,1.12,TW,1682680675
215,laguna,38.421,-121.4238,292.39,70,0,1.54,US,1682680558
216,yaren,-0.5472,166.916,301.72,79,90,6.07,NR,1682680675
217,hermanus,-34.4187,19.2345,294.15,59,7,8.79,ZA,1682680675
218,waveland,30.2869,-89.3762,293.14,91,15,3.47,US,1682680675
219,voranava,54.1483,25.3131,283.03,39,46,4.0,BY,1682680676
220,livingston,55.9029,-3.5226,284.33,87,100,1.54,GB,1682680390
221,yuzhno-kurilsk,44.0306,145.8556,276.23,71,28,1.52,RU,1682680676
222,tanjung pandan,-2.75,107.65,300.05,82,100,1.05,ID,1682680676
223,enewetak,11.3474,162.3373,300.22,83,44,8.62,MH,1682680676
224,floro,61.5996,5.0328,281.19,49,40,3.09,NO,1682680676
225,acapulco de juarez,16.8634,-99.8901,298.05,83,20,0.0,MX,1682680676
226,lihue,21.9789,-159.3672,294.92,85,100,5.66,US,1682680434
227,qamdo,31.1667,97.2333,276.09,54,100,3.2,CN,1682680677
228,souillac,-20.5167,57.5167,301.36,69,40,4.12,MU,1682680677
229,lazaro cardenas,17.9583,-102.2,295.29,85,30,1.95,MX,1682680677
230,karratha,-20.7377,116.8463,301.93,41,98,2.48,AU,1682680677
231,kosh-agach,50.0,88.6667,283.09,39,100,0.66,RU,1682680677
232,happy valley-goose bay,53.3168,-60.3315,273.32,74,100,3.09,CA,1682680677
233,ushuaia,-54.8,-68.3,274.96,75,0,3.09,AR,1682680677
234,lata,40.1629,-8.3327,295.41,37,96,3.02,PT,1682680677
235,new norfolk,-42.7826,147.0587,283.55,59,77,1.77,AU,1682680678
236,kapuskasing,49.4169,-82.4331,275.2,87,75,2.57,CA,1682680678
237,beni mester,34.8704,-1.4232,307.76,39,0,2.06,DZ,1682680678
238,port lincoln,-34.7333,135.8667,287.31,55,88,4.99,AU,1682680678
239,raduzhny,62.0961,77.475,272.11,83,100,10.5,RU,1682680678
240,arteche,12.2645,125.4048,299.98,86,31,2.93,PH,1682680678
241,oranjemund,-28.55,16.4333,291.45,75,70,7.76,NA,1682680679
242,horsham,51.064,-0.3272,288.87,84,75,6.17,GB,1682680679
243,broome,42.2506,-75.833,281.59,84,0,4.12,US,1682680575
244,san antonio de pale,-1.4014,5.6325,299.95,81,100,4.82,GQ,1682680679
245,iskateley,67.6803,53.1512,270.29,82,100,4.45,RU,1682680679
246,saudarkrokur,65.7461,-19.6394,272.68,55,7,3.56,IS,1682680679
247,illizi,26.4833,8.4667,311.04,9,1,4.75,DZ,1682680679
248,khovd,48.0056,91.6419,286.87,22,94,1.77,MN,1682680679
249,qinzhou,21.95,108.6167,299.99,72,23,4.01,CN,1682680680
250,santana,-0.0583,-51.1817,300.25,94,20,2.57,BR,1682680680
251,freetown,8.484,-13.2299,302.5,64,100,3.14,SL,1682680680
252,vryburg,-26.9566,24.7284,304.39,23,23,6.39,ZA,1682680680
253,galliano,29.4422,-90.2992,295.15,83,0,2.57,US,1682680680
254,soufriere,13.8562,-61.0566,300.93,95,75,5.14,LC,1682680680
255,port mathurin,-19.6833,63.4167,299.39,78,20,5.56,MU,1682680567
256,weiser,44.251,-116.9693,282.26,77,72,2.44,US,1682680680
257,gustavsberg,59.3268,18.3898,281.58,57,30,4.38,SE,1682680681
258,ancud,-41.8697,-73.8203,286.15,94,100,8.35,CL,1682680681
259,keflavik,64.0049,-22.5624,276.1,80,75,3.09,IS,1682680681
260,bogota,4.6097,-74.0817,283.88,93,75,1.54,CO,1682680593
261,san luis de la loma,17.2706,-100.8939,296.76,71,60,1.97,MX,1682680681
262,box elder,41.5005,-112.8764,280.37,49,59,3.91,US,1682680681
263,inirida,3.8653,-67.9239,295.61,99,100,1.03,CO,1682680682
264,williams lake,52.1415,-122.1445,276.51,75,90,1.28,CA,1682680523
265,namdrik,5.5994,168.1028,301.39,79,99,7.15,MH,1682680682
266,arkhangel'sk,64.5401,40.5433,282.21,29,0,7.0,RU,1682680683
267,chonchi,-42.6128,-73.8092,285.99,97,100,3.61,CL,1682680683
268,long beach,33.767,-118.1892,289.19,92,100,2.06,US,1682680550
269,ndjole,-0.1783,10.7649,305.07,56,100,1.9,GA,1682680684
270,hirara,24.8,125.2833,297.3,88,40,5.14,JP,1682680685
271,villa vicente guerrero,19.1194,-98.1708,287.44,52,13,0.93,MX,1682680685
272,barabai,-2.5833,115.3833,298.2,95,86,1.37,ID,1682680686
273,le moule,16.3332,-61.3473,299.36,100,95,3.98,GP,1682680686
274,kuching,1.55,110.3333,302.07,58,20,2.06,MY,1682680686
275,kostomuksha,64.571,30.5767,274.58,100,100,5.6,RU,1682680686
276,natal,-5.795,-35.2094,300.51,83,40,3.6,BR,1682680682
277,milford haven,51.7128,-5.0341,286.83,90,85,4.3,GB,1682680687
278,richards bay,-28.783,32.0377,299.93,60,74,3.98,ZA,1682680687
279,vetluzhskiy,58.3902,45.4654,285.12,71,93,3.17,RU,1682680687
280,trincomalee,8.5711,81.2335,302.07,73,42,4.05,LK,1682680688
281,pahrump,36.2083,-115.9839,295.18,15,26,2.05,US,1682680688
282,haiku-pauwela,20.9219,-156.3051,294.16,94,100,0.89,US,1682680688
283,xichang,27.8964,102.2634,293.91,56,96,2.39,CN,1682680431
284,braslaw,55.644,27.0455,282.61,45,58,4.44,BY,1682680495
285,penne,42.4538,13.9299,293.39,49,80,2.63,IT,1682680690
286,oroszlany,47.4867,18.3123,289.76,51,100,4.87,HU,1682680690
287,tura,25.5198,90.2201,304.77,32,100,1.43,IN,1682680690
288,itoman,26.1247,127.6694,297.16,78,75,4.63,JP,1682680690
289,taroa,8.7058,171.2275,300.71,82,83,7.84,MH,1682680691
290,shalqar,47.8333,59.6,301.85,18,2,5.3,KZ,1682680691
291,chojnice,53.6955,17.557,284.77,42,45,2.9,PL,1682680691
292,qiziltepa,40.0331,64.85,304.68,8,0,2.08,UZ,1682680692
293,bata,1.8639,9.7658,301.75,74,98,2.54,GQ,1682680692
294,kharp,66.8014,65.8081,270.07,73,86,4.05,RU,1682680692
295,pangoa,-12.1167,-73.0,291.69,99,100,1.23,PE,1682680693
296,damavand,35.7178,52.065,289.41,47,65,1.88,IR,1682680693
297,ghat,24.9647,10.1728,307.0,9,28,2.72,LY,1682680693
298,moussoro,13.6408,16.4901,314.8,6,85,5.95,TD,1682680694
299,island harbour,50.724,-1.2758,289.28,87,98,2.24,GB,1682680694
300,luganville,-15.5333,167.1667,298.3,85,23,1.5,VU,1682680694
301,shilka,51.85,116.0333,280.45,38,87,3.75,RU,1682680694
302,n'dalatando,-9.2978,14.9116,301.22,42,50,3.18,AO,1682680695
303,belyy yar,53.6039,91.3903,295.09,24,0,10.0,RU,1682680695
304,kawalu,-7.3817,108.2082,297.37,94,100,0.63,ID,1682680695
305,coquimbo,-29.9533,-71.3436,287.0,88,100,2.57,CL,1682680696
306,labasa,-16.4167,179.3833,298.6,89,15,0.6,FJ,1682680696
307,nar'yan-mar,67.6713,53.087,270.32,82,100,4.39,RU,1682680696
308,pandan,14.0453,124.1694,300.08,88,5,4.09,PH,1682680696
309,port blair,11.6667,92.75,303.06,67,70,1.49,IN,1682680697
310,belmonte,-15.8631,-38.8828,298.6,81,52,2.68,BR,1682680697
311,filadelfia,39.9523,-75.1638,284.29,89,100,5.14,US,1682680530
312,black forest,39.0131,-104.7008,272.67,89,100,10.8,US,1682680698
313,alice springs,-23.7,133.8833,293.9,46,100,6.75,AU,1682680698
314,naracoorte,-36.9579,140.7383,283.56,77,81,2.39,AU,1682680698
315,coxim,-18.5067,-54.76,294.25,91,0,1.42,BR,1682680698
316,kyelang,32.5833,77.0333,274.21,86,76,1.11,IN,1682680698
317,marica,-22.9194,-42.8186,295.12,86,86,2.3,BR,1682680699
318,qaqortoq,60.7167,-46.0333,273.76,61,6,3.87,GL,1682680699
319,tres arroyos,-38.3739,-60.2798,289.14,62,10,6.22,AR,1682680699
320,saldanha,-33.0117,17.9442,291.35,58,19,4.79,ZA,1682680699
321,chibougamau,49.9168,-74.3659,272.94,80,0,1.03,CA,1682680640
322,ndibene dahra,15.3338,-15.4766,310.93,13,0,6.84,SN,1682680700
323,sinop,41.7711,34.8709,282.39,89,94,3.33,TR,1682680700
324,juhaynah,26.6732,31.4976,303.7,19,0,7.88,EG,1682680701
325,balykshi,47.0667,51.8667,301.15,26,0,4.0,KZ,1682680701
326,badger,64.8,-147.5333,272.88,76,75,2.06,US,1682680701
327,verden,52.9167,9.2333,286.58,66,100,4.63,DE,1682680701
328,gadzhiyevo,69.2551,33.3362,273.06,79,3,8.96,RU,1682680702
329,obo,5.3998,26.4869,294.59,95,98,1.55,CF,1682680702
330,vernon,50.2581,-119.2691,282.2,56,61,4.12,CA,1682680702
331,sitka,57.0531,-135.33,279.09,81,100,0.0,US,1682680572
332,taoudenni,22.6783,-3.9836,313.03,7,0,7.64,ML,1682680703
333,viedma,-40.8135,-62.9967,288.67,49,49,5.0,AR,1682680704
334,san patricio,28.017,-97.5169,297.07,97,0,2.74,US,1682680704
335,wanxian,30.8039,108.3897,290.02,90,100,3.74,CN,1682680704
336,rongelap,11.1635,166.8941,300.22,83,43,8.77,MH,1682680704
337,marshall,34.3834,-86.3333,291.01,95,100,3.09,US,1682680554
338,mount pearl,47.5166,-52.7813,275.29,95,100,7.2,CA,1682680704
339,sirsa,29.5333,75.0167,308.07,19,82,1.41,IN,1682680705
340,casilda,-33.0442,-61.1681,290.63,89,6,4.23,AR,1682680705
341,nabire,-3.3667,135.4833,299.48,85,100,0.81,ID,1682680705
342,shiyan,32.6475,110.7781,291.91,23,100,6.58,CN,1682680706
343,kamloops,50.6665,-120.3192,281.7,58,75,4.63,CA,1682680706
344,tralee,52.2704,-9.7026,289.29,72,75,4.12,IE,1682680706
345,dipayal,29.2608,80.94,301.72,29,100,1.89,NP,1682680706
346,shendi,16.6915,33.4341,311.35,7,28,4.53,SD,1682680707
347,farafangana,-22.8167,47.8333,298.52,68,28,3.29,MG,1682680707
348,klyuchi,52.2667,79.1667,298.66,23,100,5.52,RU,1682680707
349,st. john's,47.5649,-52.7093,275.25,95,100,8.23,CA,1682680466
350,san julian,21.0167,-102.1667,286.42,21,3,1.65,MX,1682680708
351,saint-mandrier-sur-mer,43.078,5.929,299.69,68,20,3.6,FR,1682680708
352,popondetta,-8.7537,148.2534,296.71,97,89,1.27,PG,1682680708
353,hongjiang,27.11,109.9956,292.45,98,99,1.95,CN,1682680708
354,port-vila,-17.7338,168.3219,295.93,94,20,0.51,VU,1682680709
355,brandfort,-28.7001,26.4597,299.82,27,2,5.26,ZA,1682680709
356,lensk,60.7253,114.9278,276.64,91,89,0.95,RU,1682680710
357,port isabel,26.0734,-97.2086,295.38,93,75,0.45,US,1682680710
358,quibala,-10.7337,14.98,298.6,38,90,3.32,AO,1682680710
359,labuan,5.2767,115.2417,302.35,79,20,2.06,MY,1682680711
360,harper,4.375,-7.7169,302.39,71,78,2.59,LR,1682680711
361,zhangjiajie,29.1294,110.4783,290.54,81,100,3.31,CN,1682680711
362,guerrero negro,27.9769,-114.0611,287.16,88,50,5.45,MX,1682680711
363,kone,-21.0595,164.8658,294.5,86,30,1.9,NC,1682680712
364,zonguldak,41.25,31.8333,280.62,95,100,2.54,TR,1682680592
365,pemangkat,1.1667,108.9667,301.5,74,80,2.34,ID,1682680712
366,sherwood park,53.5168,-113.3187,283.88,36,94,4.12,CA,1682680713
367,nchelenge,-9.3451,28.734,298.57,53,32,2.27,ZM,1682680713
368,chul'man,56.8479,124.9104,269.3,92,62,1.04,RU,1682680713
369,capelinha,-17.6914,-42.5158,296.63,56,66,0.66,BR,1682680713
370,nova sintra,14.8667,-24.7167,293.64,78,0,9.4,CV,1682680574
371,namibe,-15.1961,12.1522,301.43,61,88,3.47,AO,1682680714
372,baturaja,-4.1333,104.1667,299.06,87,100,0.75,ID,1682680714
373,melong,5.1218,9.9614,301.8,60,95,1.28,CM,1682680714
374,waddan,29.1614,16.139,300.16,24,0,1.63,LY,1682680714
375,rawson,-43.3002,-65.1023,290.71,48,100,8.35,AR,1682680715
376,holualoa,19.6228,-155.9522,293.43,95,17,1.79,US,1682680437
377,chabahar,25.2919,60.643,301.72,60,4,6.07,IR,1682680715
378,nuku'alofa,-21.1333,-175.2,299.34,94,75,5.14,TO,1682680716
379,formosa do rio preto,-11.0483,-45.1931,299.98,53,72,0.26,BR,1682680716
380,san juan de miraflores,-12.1629,-76.9635,296.02,84,98,4.37,PE,1682680716
381,merizo village,13.2658,144.6691,300.92,92,12,9.52,GU,1682680716
382,tangalle,6.024,80.7911,301.69,72,92,3.27,LK,1682680717
383,villa mercedes,-33.6757,-65.4578,291.23,60,0,8.85,AR,1682680717
384,utrik,11.2278,169.8474,300.3,83,57,8.91,MH,1682680717
385,sebastopol,44.6,33.5333,283.71,77,100,1.34,UA,1682680717
386,unai,-16.3575,-46.9061,296.52,74,84,0.36,BR,1682680718
387,tindouf,27.6711,-8.1474,310.4,12,0,2.06,DZ,1682680718
388,banswara,23.55,74.45,310.42,17,45,6.47,IN,1682680718
389,vanimo,-2.6741,141.3028,299.88,84,100,0.94,PG,1682680719
390,banda aceh,5.5577,95.3222,301.64,73,100,1.39,ID,1682680719
391,kimbe,-5.5502,150.1429,298.77,91,100,1.24,PG,1682680719
392,simpang,-1.2667,104.0833,299.27,86,100,1.05,ID,1682680719
393,bathsheba,13.2167,-59.5167,300.49,89,75,3.09,BB,1682680719
394,yacimiento rio turbio,-51.5732,-72.3508,273.85,96,100,1.07,AR,1682680720
395,broken hill,-31.95,141.4333,289.31,58,51,8.05,AU,1682680720
396,helsinki,60.1695,24.9355,282.84,67,75,4.63,FI,1682680720
397,muynoq,43.7683,59.0214,299.94,16,98,4.78,UZ,1682680721
398,zhongxing,33.7039,118.6792,292.88,73,97,4.82,CN,1682680721
399,boi,9.5683,9.4953,305.56,31,98,2.06,NG,1682680721
400,kamaishi,39.2667,141.8833,285.55,68,26,1.73,JP,1682680722
401,tofol,5.3248,163.0078,301.04,79,99,3.88,FM,1682680722
402,whakatane,-37.9585,176.9854,287.32,85,100,1.34,NZ,1682680722
403,newman,37.3138,-121.0208,291.14,83,3,0.45,US,1682680722
404,ust-nera,64.5667,143.2,265.56,97,34,0.78,RU,1682680724
405,santo domingo zanatepec,16.4831,-94.3475,297.45,83,49,1.52,MX,1682680724
406,san andres,12.5847,-81.7006,300.16,78,75,4.12,CO,1682680680
407,sechura,-5.5569,-80.8222,298.29,75,88,4.44,PE,1682680724
408,kamin-kashyrskyi,51.6241,24.9586,283.75,42,41,2.24,UA,1682680724
409,prokudskoye,55.0089,82.4574,299.08,19,93,12.0,RU,1682680725
410,palopo,-2.9996,120.1921,299.97,87,83,0.83,ID,1682680725
411,salta,-24.7859,-65.4117,287.48,89,75,0.89,AR,1682680725
412,fort st. john,56.2499,-120.8529,279.09,56,75,5.14,CA,1682680716
413,turpan,42.9333,89.1667,299.87,8,55,0.68,CN,1682680725
414,churachandpur,24.3333,93.6667,301.44,32,99,3.74,IN,1682680726
415,egilsstadir,65.2653,-14.3948,273.1,59,75,3.6,IS,1682680726
416,mermoz boabab,14.7065,-17.4758,300.46,83,40,7.2,SN,1682680726
417,bayji,34.9311,43.487,307.75,9,73,6.43,IQ,1682680726
418,bonthe,7.5264,-12.505,303.46,61,43,3.84,SL,1682680726
419,cochin,9.9399,76.2602,306.14,67,99,4.55,IN,1682680574
420,grand falls-windsor,48.9332,-55.6649,273.99,90,100,1.79,CA,1682680727
421,vila velha,-20.3297,-40.2925,299.12,86,0,1.54,BR,1682680624
422,polohy,47.4844,36.2536,292.71,63,100,2.34,UA,1682680727
423,wewak,-3.5534,143.6268,300.5,81,92,2.31,PG,1682680727
424,la mira tumbiscatio,18.6833,-102.2833,293.13,75,26,0.96,MX,1682680727
425,murmashi,68.8154,32.8115,277.38,51,0,5.0,RU,1682680728
426,akureyri,65.6835,-18.0878,272.11,59,75,4.12,IS,1682680728
427,vorkuta,67.5,64.0,267.4,86,100,6.84,RU,1682680728
428,alajarvi,63.0,23.8167,281.43,48,54,0.89,FI,1682680728
429,okha,53.5739,142.9478,269.46,93,99,2.97,RU,1682680728
430,olyokminsk,60.3736,120.4264,275.48,84,25,0.91,RU,1682680728
431,polyarnyy,69.1989,33.4478,273.25,78,3,9.01,RU,1682680728
432,campos belos,-13.0367,-46.7717,297.01,57,78,0.36,BR,1682680729
433,carupano,10.6678,-63.2585,298.35,89,46,4.01,VE,1682680729
434,pueblo nuevo,23.3833,-105.3833,280.72,52,0,2.78,MX,1682680729
435,tayshet,55.9342,98.0044,280.26,93,100,4.01,RU,1682680729
436,payson,40.0444,-111.7321,281.86,52,0,5.66,US,1682680702
437,anar darah,32.7587,61.654,306.16,9,99,1.24,AF,1682680729
438,zhanaozen,43.3,52.8,303.15,18,3,4.64,KZ,1682680729
439,alvaraes,-3.2208,-64.8042,296.09,96,65,0.52,BR,1682680730
440,phongsali,21.6833,102.1058,291.99,72,71,0.79,LA,1682680730
441,saint-philippe,-21.3585,55.7679,300.92,70,7,4.78,RE,1682680730
442,cesky krumlov,48.8109,14.3152,287.95,50,100,2.84,CZ,1682680730
443,shibushi,31.4667,131.105,290.08,83,49,1.74,JP,1682680730
444,yreka,41.7354,-122.6345,284.46,70,0,0.0,US,1682680730
445,rakops,-21.0167,24.3333,305.26,19,6,5.02,BW,1682680730
446,morehead city,34.7229,-76.726,293.15,88,75,2.57,US,1682680731
447,el calafate,-50.3408,-72.2768,278.06,85,94,2.13,AR,1682680731
448,benalla,-36.55,145.9833,286.09,57,60,2.43,AU,1682680731
449,urengoy,65.9667,78.3667,270.64,93,100,11.8,RU,1682680731
450,tymovskoye,50.8456,142.655,271.26,95,92,0.63,RU,1682680731
451,benguela,-12.5763,13.4055,303.4,64,96,4.7,AO,1682680731
452,berberati,4.2612,15.7922,307.32,36,93,1.71,CF,1682680731
453,srivardhan,18.0333,73.0167,303.12,57,29,5.82,IN,1682680731
454,coahuayana de hidalgo,18.7,-103.6583,293.11,66,2,1.4,MX,1682680732
455,bulayevo,54.9056,70.4439,294.81,30,100,7.59,KZ,1682680732
456,znamenskoye,57.1281,73.8282,280.2,65,94,6.23,RU,1682680732
457,elesbao veloso,-6.2019,-42.1403,298.47,80,84,1.04,BR,1682680732
458,newberry,34.2746,-81.6187,291.18,99,99,1.37,US,1682680732
459,loudi,27.7344,111.9944,291.92,94,100,3.7,CN,1682680732
460,kaman,27.65,77.2667,308.49,17,95,3.11,IN,1682680733
461,darnah,32.767,22.6367,290.8,58,19,7.95,LY,1682680733
462,point pedro,9.8167,80.2333,303.07,69,33,5.03,LK,1682680733
463,uturoa,-16.7333,-151.4333,301.05,76,33,5.15,PF,1682680733
464,malango,-2.9627,119.9001,294.31,98,98,0.48,ID,1682680733
465,kzyltu,53.6364,72.3414,299.33,17,96,8.47,KZ,1682680733
466,luga,58.7372,29.8453,282.42,51,80,3.0,RU,1682680733
467,puerto palomas,31.7667,-107.6167,289.56,18,13,5.1,MX,1682680734
468,ilhabela,-23.7781,-45.3581,295.16,83,97,1.86,BR,1682680734
469,weno,7.4515,151.8468,300.12,89,100,2.57,FM,1682680734
470,san antonio,29.4241,-98.4936,293.21,93,100,4.12,US,1682680635
471,lerwick,60.1545,-1.1494,281.15,93,100,4.74,GB,1682680734
472,maceio,-9.6658,-35.7353,301.84,78,40,1.54,BR,1682680734
473,moyynkum,44.2914,72.9469,303.49,14,0,3.56,KZ,1682680734
474,mahibadhoo,3.7833,72.9667,301.86,73,100,2.43,MV,1682680734
475,pangody,65.85,74.4859,267.53,93,100,11.53,RU,1682680735
476,zakynthos,37.7914,20.8953,293.51,64,20,3.6,GR,1682680444
477,liman,48.9884,37.8023,293.84,59,99,4.88,UA,1682680708
478,kota belud,6.351,116.4305,300.85,82,95,2.86,MY,1682680735
479,lisieux,49.1667,0.1667,291.66,83,99,5.67,FR,1682680735
480,manvi,15.9833,77.05,309.33,28,67,5.79,IN,1682680735
481,al muwayh,22.4333,41.7583,305.5,21,2,8.48,SA,1682680735
482,kenai,60.5544,-151.2583,275.18,88,100,3.09,US,1682680735
483,dunedin,-45.8742,170.5036,285.82,86,1,1.79,NZ,1682680735
484,slagelse,55.4028,11.3546,285.27,53,82,2.86,DK,1682680736
485,ola,59.5833,151.2833,271.87,91,75,3.13,RU,1682680736
486,las heras,-46.5419,-68.9359,284.65,73,100,5.6,AR,1682680736
487,hwange,-18.3693,26.5019,305.04,26,45,3.22,ZW,1682680736
488,ocotal,13.6321,-86.4752,295.08,85,100,1.06,NI,1682680736
489,gisborne,-38.6533,178.0042,287.5,83,100,2.02,NZ,1682680736
490,las trojes,14.0667,-85.9833,290.29,83,100,0.85,HN,1682680737
491,attapeu,14.8,106.8333,298.95,85,78,1.55,LA,1682680737
492,shubarkuduk,49.1447,56.4872,299.43,23,4,4.43,KZ,1682680737
493,conception bay south,47.4999,-52.9981,275.62,94,75,7.2,CA,1682680737
494,menongue,-14.6585,17.691,302.44,20,83,5.22,AO,1682680737
495,nueva guinea,11.6876,-84.4562,296.46,85,99,1.52,NI,1682680737
496,sao joao da barra,-21.6403,-41.0511,296.2,87,57,2.98,BR,1682680737
497,butajira,8.1167,38.3667,292.69,70,100,0.55,ET,1682680737
498,rabo de peixe,37.8,-25.5833,290.88,82,20,8.75,PT,1682680738
499,acarau,-2.8856,-40.12,298.14,83,58,2.06,BR,1682680738
500,akjoujt,19.6969,-14.4164,309.85,15,0,6.1,MR,1682680738
501,ulladulla,-35.35,150.4667,291.35,82,99,3.22,AU,1682680738
502,hotan,37.0997,79.9269,294.5,9,86,4.06,CN,1682680738
503,kroya,-7.6331,109.2461,300.16,87,100,3.94,ID,1682680738
504,anta,25.15,76.3,303.17,37,87,11.67,IN,1682680739
505,bafoulabe,13.8065,-10.8321,313.71,5,3,3.47,ML,1682680739
506,mangrol,21.1167,70.1167,302.45,61,11,5.77,IN,1682680739
507,xiaoweizhai,26.1903,107.5125,291.94,96,96,0.83,CN,1682680739
508,havre,49.5833,0.3333,291.67,94,100,5.66,FR,1682680739
509,rio san juan,19.6439,-70.0763,297.35,82,47,2.52,DO,1682680739
510,inari,68.906,27.0288,280.26,74,65,4.79,FI,1682680739
511,lichtenburg,-26.152,26.1597,301.48,26,25,4.13,ZA,1682680739
512,banyuls de la marenda,42.4837,3.129,298.86,80,100,2.97,FR,1682680740
513,shevchenko,48.5,35.0,285.13,88,100,6.28,UA,1682680740
514,palikir - national government center,6.9248,158.1611,298.42,87,100,1.77,FM,1682680740
515,beloyarskiy,63.7119,66.6722,272.24,82,98,5.58,RU,1682680740
516,reggane,26.7158,0.1714,312.27,7,0,9.15,DZ,1682680740
517,lompoc,34.6391,-120.4579,283.23,95,16,0.45,US,1682680740
518,amboanjo,-22.6667,47.8167,298.6,66,44,3.02,MG,1682680740
519,port saint john's,-31.6229,29.5448,298.03,68,71,5.23,ZA,1682680741
520,rewa,24.5333,81.3,308.84,19,70,4.13,IN,1682680506
521,rajin,42.2489,130.3003,282.64,79,100,1.49,KP,1682680741
522,yung shue wan,22.2333,114.1167,299.45,82,14,0.89,HK,1682680741
523,barra de santo antonio,-9.4047,-35.5072,301.75,81,88,1.15,BR,1682680741
524,nova vicosa,-17.8919,-39.3719,298.5,77,0,2.83,BR,1682680742
525,mysen,59.5535,11.3258,286.1,44,59,0.45,NO,1682680742
526,carutapera,-1.195,-46.02,297.93,92,76,0.44,BR,1682680742
527,santa ana,33.7456,-117.8678,288.38,88,100,0.45,US,1682680743
528,yemetsk,63.4721,41.7941,279.73,61,92,4.4,RU,1682680743
529,blagoveshchenka,52.8333,79.8667,296.92,25,95,7.14,RU,1682680743
530,yatou,37.15,122.3833,284.88,95,100,2.62,CN,1682680743
531,colonia,50.9333,6.95,290.7,85,75,2.06,DE,1682680744
532,guangyuan,32.442,105.823,290.63,36,100,2.63,CN,1682680744
533,tondano,1.3038,124.9112,294.2,95,93,0.35,ID,1682680744
534,dzhalagash,45.0833,64.6667,304.11,9,0,2.54,KZ,1682680744
535,road town,18.4167,-64.6167,300.2,77,64,3.75,VG,1682680489
536,ouargla,31.9493,5.325,308.0,10,5,1.71,DZ,1682680745
537,marka,1.7159,44.7717,301.67,72,100,1.66,SO,1682680745
538,pingnan,23.5543,110.3976,299.35,81,46,2.97,CN,1682680745
539,ponte nova,-20.4164,-42.9086,294.3,86,8,1.28,BR,1682680746
540,naryn,41.4287,75.9911,288.74,25,94,3.58,KG,1682680746
541,jieshi,22.8134,115.8257,296.21,87,45,3.03,CN,1682680746
542,antsiranana,-12.2787,49.2917,303.08,57,10,9.12,MG,1682680747
543,arilje,43.7531,20.0956,287.35,40,61,1.48,RS,1682680747
544,nadi,-17.8,177.4167,297.15,94,20,2.57,FJ,1682680747
545,fort drum,44.0584,-75.7619,282.69,79,0,6.17,US,1682680623
546,dakhla,23.6848,-15.958,294.16,73,20,5.14,EH,1682680748
547,hasaki,35.7333,140.8333,291.05,72,100,7.8,JP,1682680748
548,torghay,49.6339,63.4981,300.68,14,90,3.96,KZ,1682680748
549,ciudad melchor muzquiz,27.8833,-101.5167,293.32,53,0,1.29,MX,1682680748
550,bandar,2.05,99.75,298.78,94,100,0.74,ID,1682680633
551,lodja,-3.4833,23.4333,301.38,73,100,1.15,CD,1682680749
552,susuman,62.7833,148.1667,262.59,91,41,1.51,RU,1682680749
553,charters towers,-20.1,146.2667,293.73,78,57,2.94,AU,1682680749
554,fairview,40.8126,-73.999,283.28,85,75,5.66,US,1682680750
555,aracoiaba,-4.3711,-38.8142,298.48,80,58,0.88,BR,1682680750
556,kendari,-3.945,122.4989,298.67,89,82,1.56,ID,1682680750
557,fortuna,40.5982,-124.1573,284.07,94,6,0.87,US,1682680678
558,shingu,33.7333,135.9833,286.95,87,88,1.62,JP,1682680637
559,barkly west,-28.5354,24.5215,301.75,25,2,2.81,ZA,1682680751
560,chiredzi,-21.05,31.6667,305.15,25,5,3.14,ZW,1682680751
561,kalmunai,7.4167,81.8167,302.35,72,79,3.7,LK,1682680751
562,myitkyina,25.3833,97.4,308.8,21,46,0.97,MM,1682680751
563,san nicolas,18.1725,120.5953,303.1,70,20,2.06,PH,1682680752
564,gaspe,48.8334,-64.4819,276.1,100,20,1.54,CA,1682680590
565,shenjiamen,29.9576,122.298,290.97,93,100,5.9,CN,1682680752
566,san jose de jachal,-30.2406,-68.7469,291.37,30,0,2.15,AR,1682680752
567,saeby,57.3319,10.5225,285.35,53,57,3.98,DK,1682680753
568,motueka,-41.1333,173.0167,284.32,89,1,1.6,NZ,1682680753
569,kristiansund,63.1115,7.732,281.51,39,20,2.06,NO,1682680753
570,krasnyy chikoy,50.3643,108.7512,279.69,37,97,1.44,RU,1682680753
571,pallasovka,50.05,46.8833,297.37,30,61,4.5,RU,1682680753
572,zabol,32.25,67.25,296.01,20,98,1.03,AF,1682680754
573,klaksvik,62.2266,-6.589,276.66,56,100,7.57,FO,1682680754
574,kokubu-matsuki,31.7333,130.7667,292.68,72,40,3.6,JP,1682680754
575,ballina,-28.8667,153.5667,288.58,80,0,3.52,AU,1682680755
576,madalena,41.2162,-8.3345,295.79,69,80,2.59,PT,1682680755
577,hobyo,5.3505,48.5268,303.96,59,100,4.36,SO,1682680755
578,cooma,-36.2333,149.1333,285.06,91,100,1.55,AU,1682680756
579,al khums,32.6486,14.2619,295.13,57,29,7.03,LY,1682680756
580,caleta de carquin,-11.0925,-77.6267,296.11,86,73,4.11,PE,1682680756
581,fada,9.5667,8.3,304.58,41,99,1.98,NG,1682680758
582,nouadhibou,20.931,-17.0347,297.14,60,7,8.23,MR,1682680758
583,linxia chengguanzhen,35.6003,103.2064,283.8,16,100,7.58,CN,1682680758
584,burang,30.25,81.1667,274.74,80,100,2.71,CN,1682680758
585,neon karlovasion,37.7903,26.7044,291.43,50,1,10.71,GR,1682680758
586,mhamid,29.82,-5.72,307.52,7,5,2.23,MA,1682680759
587,hilo,19.7297,-155.09,297.19,88,0,1.54,US,1682680759
588,touros,-5.1989,-35.4608,299.55,85,83,4.27,BR,1682680759
589,ta`u,-14.2336,-169.5144,301.15,78,95,7.76,AS,1682680760
590,i-n-salah,27.1935,2.4607,311.56,7,0,9.96,DZ,1682680760
591,ciudad satelite,19.5167,-99.25,290.31,38,48,1.31,MX,1682680718
592,mukalla,14.5425,49.1242,304.53,66,40,5.45,YE,1682680760
593,valdivia,-39.8142,-73.2459,287.2,97,100,2.66,CL,1682680687
594,kolonia,50.9333,6.95,290.7,85,75,2.06,DE,1682680574
